{
  "project_info": {
    "project_number": "752215960726",
    "firebase_url": "https://ideathonfinal.firebaseio.com",
    "project_id": "ideathonfinal",
    "storage_bucket": "ideathonfinal.appspot.com"
  },
  "client": [
    {
      "client_info": {
        "mobilesdk_app_id": "1:752215960726:android:d770d1dd93ecaf22e366b7",
        "android_client_info": {
          "package_name": "com.example.ideathonfinal"
        }
      },
      "oauth_client": [
        {
          "client_id": "752215960726-er8m9t7mda3efsj3sj9vn3p1s570rg49.apps.googleusercontent.com",
          "client_type": 1,
          "android_info": {
            "package_name": "com.example.ideathonfinal",
            "certificate_hash": "da6ffd4b74505a111160c05f9c66b9e5653e7dc6"
          }
        },
        {
          "client_id": "752215960726-6g89kbh6qkituhvas19nv3g2dj1vpv6l.apps.googleusercontent.com",
          "client_type": 3
        }
      ],
      "api_key": [
        {
          "current_key": "AIzaSyDdeKwskpJIhS9Dv7SnAfkbJ9YF97IaD6I"
        }
      ],
      "services": {
        "appinvite_service": {
          "other_platform_oauth_client": [
            {
              "client_id": "752215960726-6g89kbh6qkituhvas19nv3g2dj1vpv6l.apps.googleusercontent.com",
              "client_type": 3
            }
          ]
        }
      }
    }
  ],
  "configuration_version": "1"
}